{"cameraMode":{"drawMode":2,"name":"Shaded Wireframe","section":"Shading Mode"},"sceneLighting":false,"audioPlay":false,"sceneViewState":{"m_AlwaysRefresh":false,"showFog":true,"showSkybox":false,"showFlares":true,"showImageEffects":true,"showParticleSystems":true,"showVisualEffectGraphs":true,"m_FxEnabled":true},"in2DMode":false,"pivot":{"x":20.525793075561525,"y":1.2558562755584717,"z":-1.9470754861831666},"rotation":{"x":0.00021187453239690512,"y":0.9683749675750732,"z":-0.008017158135771752,"w":0.25192561745643618},"size":0.5851673483848572,"orthographic":false}