{"cameraMode":{"drawMode":2,"name":"Shaded Wireframe","section":"Shading Mode"},"sceneLighting":false,"audioPlay":false,"sceneViewState":{"m_AlwaysRefresh":false,"showFog":true,"showSkybox":false,"showFlares":true,"showImageEffects":true,"showParticleSystems":true,"showVisualEffectGraphs":true,"m_FxEnabled":true},"in2DMode":false,"pivot":{"x":-0.01839144341647625,"y":0.12227873504161835,"z":-0.14560291171073914},"rotation":{"x":0.009296919219195843,"y":0.9321650862693787,"z":-0.36248743534088137,"w":0.029660269618034364},"size":0.5978258848190308,"orthographic":false}