{"cameraMode":{"drawMode":2,"name":"Shaded Wireframe","section":"Shading Mode"},"sceneLighting":true,"audioPlay":false,"sceneViewState":{"m_AlwaysRefresh":false,"showFog":true,"showSkybox":true,"showFlares":true,"showImageEffects":true,"showParticleSystems":true,"showVisualEffectGraphs":true,"m_FxEnabled":true},"in2DMode":false,"pivot":{"x":3.7063050270080568,"y":2.183734893798828,"z":-0.7593430280685425},"rotation":{"x":0.3856492042541504,"y":0.021882452070713044,"z":-0.009160107932984829,"w":0.9229261875152588},"size":10.679468154907227,"orthographic":false}