{"cameraMode":{"drawMode":2,"name":"Shaded Wireframe","section":"Shading Mode"},"sceneLighting":false,"audioPlay":false,"sceneViewState":{"m_AlwaysRefresh":false,"showFog":true,"showSkybox":false,"showFlares":true,"showImageEffects":true,"showParticleSystems":true,"showVisualEffectGraphs":true,"m_FxEnabled":true},"in2DMode":false,"pivot":{"x":0.05690965801477432,"y":1.1008743047714234,"z":0.3875854015350342},"rotation":{"x":-0.00788502674549818,"y":0.9883145093917847,"z":-0.15112605690956117,"w":-0.0402861014008522},"size":0.33230772614479067,"orthographic":false}